{
  "__type__": "cc.SpriteFrame",
  "content": {
    "name": "payline_8",
    "atlas": "",
    "rect": {
      "x": 55,
      "y": 28,
      "width": 740,
      "height": 210
    },
    "offset": {
      "x": 0,
      "y": 74
    },
    "originalSize": {
      "width": 850,
      "height": 414
    },
    "rotated": false,
    "capInsets": [
      0,
      0,
      0,
      0
    ],
    "vertices": {
      "rawPosition": [
        -370,
        -105,
        0,
        370,
        -105,
        0,
        -370,
        105,
        0,
        370,
        105,
        0
      ],
      "indexes": [
        0,
        1,
        2,
        2,
        1,
        3
      ],
      "uv": [
        55,
        386,
        795,
        386,
        55,
        176,
        795,
        176
      ],
      "nuv": [
        0.06470588235294118,
        0.4251207729468599,
        0.9352941176470588,
        0.4251207729468599,
        0.06470588235294118,
        0.9323671497584541,
        0.9352941176470588,
        0.9323671497584541
      ],
      "minPos": {
        "x": -370,
        "y": -105,
        "z": 0
      },
      "maxPos": {
        "x": 370,
        "y": 105,
        "z": 0
      }
    },
    "texture": "a054f74f-1f7c-4a31-a154-65f16570330d@6c48a",
    "packable": true,
    "pixelsToUnit": 100,
    "pivot": {
      "x": 0.5,
      "y": 0.5
    },
    "meshType": 0
  }
}