{
  "__type__": "cc.SpriteFrame",
  "content": {
    "name": "divider",
    "atlas": "",
    "rect": {
      "x": 1,
      "y": 49,
      "width": 1023,
      "height": 1478
    },
    "offset": {
      "x": 0.5,
      "y": -20
    },
    "originalSize": {
      "width": 1024,
      "height": 1536
    },
    "rotated": false,
    "capInsets": [
      0,
      0,
      0,
      0
    ],
    "vertices": {
      "rawPosition": [
        -511.5,
        -739,
        0,
        511.5,
        -739,
        0,
        -511.5,
        739,
        0,
        511.5,
        739,
        0
      ],
      "indexes": [
        0,
        1,
        2,
        2,
        1,
        3
      ],
      "uv": [
        1,
        1487,
        1024,
        1487,
        1,
        9,
        1024,
        9
      ],
      "nuv": [
        0.0009765625,
        0.005859375,
        1,
        0.005859375,
        0.0009765625,
        0.9680989583333334,
        1,
        0.9680989583333334
      ],
      "minPos": {
        "x": -511.5,
        "y": -739,
        "z": 0
      },
      "maxPos": {
        "x": 511.5,
        "y": 739,
        "z": 0
      }
    },
    "texture": "a7f56b87-5180-4200-a2f8-7f5d444278d2@6c48a",
    "packable": true,
    "pixelsToUnit": 100,
    "pivot": {
      "x": 0.5,
      "y": 0.5
    },
    "meshType": 0
  }
}