{
  "__type__": "cc.SpriteFrame",
  "content": {
    "name": "button",
    "atlas": "",
    "rect": {
      "x": 12,
      "y": 1,
      "width": 1492,
      "height": 1022
    },
    "offset": {
      "x": -10,
      "y": 0
    },
    "originalSize": {
      "width": 1536,
      "height": 1024
    },
    "rotated": false,
    "capInsets": [
      0,
      0,
      0,
      0
    ],
    "vertices": {
      "rawPosition": [
        -746,
        -511,
        0,
        746,
        -511,
        0,
        -746,
        511,
        0,
        746,
        511,
        0
      ],
      "indexes": [
        0,
        1,
        2,
        2,
        1,
        3
      ],
      "uv": [
        12,
        1023,
        1504,
        1023,
        12,
        1,
        1504,
        1
      ],
      "nuv": [
        0.0078125,
        0.0009765625,
        0.9791666666666666,
        0.0009765625,
        0.0078125,
        0.9990234375,
        0.9791666666666666,
        0.9990234375
      ],
      "minPos": {
        "x": -746,
        "y": -511,
        "z": 0
      },
      "maxPos": {
        "x": 746,
        "y": 511,
        "z": 0
      }
    },
    "texture": "a7fbe3fa-c957-41bb-aff3-bd790e24926f@6c48a",
    "packable": true,
    "pixelsToUnit": 100,
    "pivot": {
      "x": 0.5,
      "y": 0.5
    },
    "meshType": 0
  }
}