{
  "__type__": "cc.SpriteFrame",
  "content": {
    "name": "logo",
    "atlas": "",
    "rect": {
      "x": 12,
      "y": 1,
      "width": 1488,
      "height": 1022
    },
    "offset": {
      "x": -12,
      "y": 0
    },
    "originalSize": {
      "width": 1536,
      "height": 1024
    },
    "rotated": false,
    "capInsets": [
      0,
      0,
      0,
      0
    ],
    "vertices": {
      "rawPosition": [
        -744,
        -511,
        0,
        744,
        -511,
        0,
        -744,
        511,
        0,
        744,
        511,
        0
      ],
      "indexes": [
        0,
        1,
        2,
        2,
        1,
        3
      ],
      "uv": [
        12,
        1023,
        1500,
        1023,
        12,
        1,
        1500,
        1
      ],
      "nuv": [
        0.0078125,
        0.0009765625,
        0.9765625,
        0.0009765625,
        0.0078125,
        0.9990234375,
        0.9765625,
        0.9990234375
      ],
      "minPos": {
        "x": -744,
        "y": -511,
        "z": 0
      },
      "maxPos": {
        "x": 744,
        "y": 511,
        "z": 0
      }
    },
    "texture": "19884903-07cf-4049-a2f5-7e93c2af089e@6c48a",
    "packable": true,
    "pixelsToUnit": 100,
    "pivot": {
      "x": 0.5,
      "y": 0.5
    },
    "meshType": 0
  }
}