{
  "__type__": "cc.SpriteFrame",
  "content": {
    "name": "tiger",
    "atlas": "",
    "rect": {
      "x": 88,
      "y": 56,
      "width": 855,
      "height": 856
    },
    "offset": {
      "x": 3.5,
      "y": 28
    },
    "originalSize": {
      "width": 1024,
      "height": 1024
    },
    "rotated": false,
    "capInsets": [
      0,
      0,
      0,
      0
    ],
    "vertices": {
      "rawPosition": [
        -427.5,
        -428,
        0,
        427.5,
        -428,
        0,
        -427.5,
        428,
        0,
        427.5,
        428,
        0
      ],
      "indexes": [
        0,
        1,
        2,
        2,
        1,
        3
      ],
      "uv": [
        88,
        968,
        943,
        968,
        88,
        112,
        943,
        112
      ],
      "nuv": [
        0.0859375,
        0.109375,
        0.9208984375,
        0.109375,
        0.0859375,
        0.9453125,
        0.9208984375,
        0.9453125
      ],
      "minPos": {
        "x": -427.5,
        "y": -428,
        "z": 0
      },
      "maxPos": {
        "x": 427.5,
        "y": 428,
        "z": 0
      }
    },
    "texture": "19e9e729-0cac-477f-a999-893c64aba654@6c48a",
    "packable": true,
    "pixelsToUnit": 100,
    "pivot": {
      "x": 0.5,
      "y": 0.5
    },
    "meshType": 0
  }
}