{
  "__type__": "cc.SpriteFrame",
  "content": {
    "name": "payline_3",
    "atlas": "",
    "rect": {
      "x": 61,
      "y": 314,
      "width": 729,
      "height": 74
    },
    "offset": {
      "x": 0.5,
      "y": -144
    },
    "originalSize": {
      "width": 850,
      "height": 414
    },
    "rotated": false,
    "capInsets": [
      0,
      0,
      0,
      0
    ],
    "vertices": {
      "rawPosition": [
        -364.5,
        -37,
        0,
        364.5,
        -37,
        0,
        -364.5,
        37,
        0,
        364.5,
        37,
        0
      ],
      "indexes": [
        0,
        1,
        2,
        2,
        1,
        3
      ],
      "uv": [
        61,
        100,
        790,
        100,
        61,
        26,
        790,
        26
      ],
      "nuv": [
        0.07176470588235294,
        0.06280193236714976,
        0.9294117647058824,
        0.06280193236714976,
        0.07176470588235294,
        0.24154589371980675,
        0.9294117647058824,
        0.24154589371980675
      ],
      "minPos": {
        "x": -364.5,
        "y": -37,
        "z": 0
      },
      "maxPos": {
        "x": 364.5,
        "y": 37,
        "z": 0
      }
    },
    "texture": "4b1fe40b-13b6-4809-b04a-d27af9d3ad7e@6c48a",
    "packable": true,
    "pixelsToUnit": 100,
    "pivot": {
      "x": 0.5,
      "y": 0.5
    },
    "meshType": 0
  }
}