{
  "__type__": "cc.SpriteFrame",
  "content": {
    "name": "monkey",
    "atlas": "",
    "rect": {
      "x": 64,
      "y": 16,
      "width": 927,
      "height": 980
    },
    "offset": {
      "x": 15.5,
      "y": 6
    },
    "originalSize": {
      "width": 1024,
      "height": 1024
    },
    "rotated": false,
    "capInsets": [
      0,
      0,
      0,
      0
    ],
    "vertices": {
      "rawPosition": [
        -463.5,
        -490,
        0,
        463.5,
        -490,
        0,
        -463.5,
        490,
        0,
        463.5,
        490,
        0
      ],
      "indexes": [
        0,
        1,
        2,
        2,
        1,
        3
      ],
      "uv": [
        64,
        1008,
        991,
        1008,
        64,
        28,
        991,
        28
      ],
      "nuv": [
        0.0625,
        0.02734375,
        0.9677734375,
        0.02734375,
        0.0625,
        0.984375,
        0.9677734375,
        0.984375
      ],
      "minPos": {
        "x": -463.5,
        "y": -490,
        "z": 0
      },
      "maxPos": {
        "x": 463.5,
        "y": 490,
        "z": 0
      }
    },
    "texture": "a537b580-626d-45e1-b8ab-5062fe9a6a34@6c48a",
    "packable": true,
    "pixelsToUnit": 100,
    "pivot": {
      "x": 0.5,
      "y": 0.5
    },
    "meshType": 0
  }
}