{
  "__type__": "cc.SpriteFrame",
  "content": {
    "name": "statue",
    "atlas": "",
    "rect": {
      "x": 64,
      "y": 19,
      "width": 892,
      "height": 965
    },
    "offset": {
      "x": -2,
      "y": 10.5
    },
    "originalSize": {
      "width": 1024,
      "height": 1024
    },
    "rotated": false,
    "capInsets": [
      0,
      0,
      0,
      0
    ],
    "vertices": {
      "rawPosition": [
        -446,
        -482.5,
        0,
        446,
        -482.5,
        0,
        -446,
        482.5,
        0,
        446,
        482.5,
        0
      ],
      "indexes": [
        0,
        1,
        2,
        2,
        1,
        3
      ],
      "uv": [
        64,
        1005,
        956,
        1005,
        64,
        40,
        956,
        40
      ],
      "nuv": [
        0.0625,
        0.0390625,
        0.93359375,
        0.0390625,
        0.0625,
        0.9814453125,
        0.93359375,
        0.9814453125
      ],
      "minPos": {
        "x": -446,
        "y": -482.5,
        "z": 0
      },
      "maxPos": {
        "x": 446,
        "y": 482.5,
        "z": 0
      }
    },
    "texture": "5297650f-5866-4a9a-be81-2a7a9300401b@6c48a",
    "packable": true,
    "pixelsToUnit": 100,
    "pivot": {
      "x": 0.5,
      "y": 0.5
    },
    "meshType": 0
  }
}