{
  "__type__": "cc.SpriteFrame",
  "content": {
    "name": "win_field",
    "atlas": "",
    "rect": {
      "x": 12,
      "y": 0,
      "width": 1500,
      "height": 1023
    },
    "offset": {
      "x": -6,
      "y": 0.5
    },
    "originalSize": {
      "width": 1536,
      "height": 1024
    },
    "rotated": false,
    "capInsets": [
      0,
      0,
      0,
      0
    ],
    "vertices": {
      "rawPosition": [
        -750,
        -511.5,
        0,
        750,
        -511.5,
        0,
        -750,
        511.5,
        0,
        750,
        511.5,
        0
      ],
      "indexes": [
        0,
        1,
        2,
        2,
        1,
        3
      ],
      "uv": [
        12,
        1024,
        1512,
        1024,
        12,
        1,
        1512,
        1
      ],
      "nuv": [
        0.0078125,
        0.0009765625,
        0.984375,
        0.0009765625,
        0.0078125,
        1,
        0.984375,
        1
      ],
      "minPos": {
        "x": -750,
        "y": -511.5,
        "z": 0
      },
      "maxPos": {
        "x": 750,
        "y": 511.5,
        "z": 0
      }
    },
    "texture": "a8b2927a-d913-4a0d-8814-963efb8eac0c@6c48a",
    "packable": true,
    "pixelsToUnit": 100,
    "pivot": {
      "x": 0.5,
      "y": 0.5
    },
    "meshType": 0
  }
}