{
  "__type__": "cc.SpriteFrame",
  "content": {
    "name": "payline_5",
    "atlas": "",
    "rect": {
      "x": 55,
      "y": 34,
      "width": 740,
      "height": 347
    },
    "offset": {
      "x": 0,
      "y": -0.5
    },
    "originalSize": {
      "width": 850,
      "height": 414
    },
    "rotated": false,
    "capInsets": [
      0,
      0,
      0,
      0
    ],
    "vertices": {
      "rawPosition": [
        -370,
        -173.5,
        0,
        370,
        -173.5,
        0,
        -370,
        173.5,
        0,
        370,
        173.5,
        0
      ],
      "indexes": [
        0,
        1,
        2,
        2,
        1,
        3
      ],
      "uv": [
        55,
        380,
        795,
        380,
        55,
        33,
        795,
        33
      ],
      "nuv": [
        0.06470588235294118,
        0.07971014492753623,
        0.9352941176470588,
        0.07971014492753623,
        0.06470588235294118,
        0.9178743961352657,
        0.9352941176470588,
        0.9178743961352657
      ],
      "minPos": {
        "x": -370,
        "y": -173.5,
        "z": 0
      },
      "maxPos": {
        "x": 370,
        "y": 173.5,
        "z": 0
      }
    },
    "texture": "f2aab49d-8301-4760-8356-f7175d48bd1b@6c48a",
    "packable": true,
    "pixelsToUnit": 100,
    "pivot": {
      "x": 0.5,
      "y": 0.5
    },
    "meshType": 0
  }
}