{
  "__type__": "cc.SpriteFrame",
  "content": {
    "name": "payline_1",
    "atlas": "",
    "rect": {
      "x": 61,
      "y": 171,
      "width": 729,
      "height": 74
    },
    "offset": {
      "x": 0.5,
      "y": -1
    },
    "originalSize": {
      "width": 850,
      "height": 414
    },
    "rotated": false,
    "capInsets": [
      0,
      0,
      0,
      0
    ],
    "vertices": {
      "rawPosition": [
        -364.5,
        -37,
        0,
        364.5,
        -37,
        0,
        -364.5,
        37,
        0,
        364.5,
        37,
        0
      ],
      "indexes": [
        0,
        1,
        2,
        2,
        1,
        3
      ],
      "uv": [
        61,
        243,
        790,
        243,
        61,
        169,
        790,
        169
      ],
      "nuv": [
        0.07176470588235294,
        0.4082125603864734,
        0.9294117647058824,
        0.4082125603864734,
        0.07176470588235294,
        0.5869565217391305,
        0.9294117647058824,
        0.5869565217391305
      ],
      "minPos": {
        "x": -364.5,
        "y": -37,
        "z": 0
      },
      "maxPos": {
        "x": 364.5,
        "y": 37,
        "z": 0
      }
    },
    "texture": "20b10845-8a80-4623-8f29-992b42b6b49c@6c48a",
    "packable": true,
    "pixelsToUnit": 100,
    "pivot": {
      "x": 0.5,
      "y": 0.5
    },
    "meshType": 0
  }
}