{
  "__type__": "cc.SpriteFrame",
  "content": {
    "name": "frame",
    "atlas": "",
    "rect": {
      "x": 12,
      "y": 0,
      "width": 1513,
      "height": 1023
    },
    "offset": {
      "x": 0.5,
      "y": 0.5
    },
    "originalSize": {
      "width": 1536,
      "height": 1024
    },
    "rotated": false,
    "capInsets": [
      0,
      0,
      0,
      0
    ],
    "vertices": {
      "rawPosition": [
        -756.5,
        -511.5,
        0,
        756.5,
        -511.5,
        0,
        -756.5,
        511.5,
        0,
        756.5,
        511.5,
        0
      ],
      "indexes": [
        0,
        1,
        2,
        2,
        1,
        3
      ],
      "uv": [
        12,
        1024,
        1525,
        1024,
        12,
        1,
        1525,
        1
      ],
      "nuv": [
        0.0078125,
        0.0009765625,
        0.9928385416666666,
        0.0009765625,
        0.0078125,
        1,
        0.9928385416666666,
        1
      ],
      "minPos": {
        "x": -756.5,
        "y": -511.5,
        "z": 0
      },
      "maxPos": {
        "x": 756.5,
        "y": 511.5,
        "z": 0
      }
    },
    "texture": "725018ce-669c-413a-af70-00bf4581b22c@6c48a",
    "packable": true,
    "pixelsToUnit": 100,
    "pivot": {
      "x": 0.5,
      "y": 0.5
    },
    "meshType": 0
  }
}