{
  "__type__": "cc.SpriteFrame",
  "content": {
    "name": "payline_4",
    "atlas": "",
    "rect": {
      "x": 56,
      "y": 34,
      "width": 738,
      "height": 347
    },
    "offset": {
      "x": 0,
      "y": -0.5
    },
    "originalSize": {
      "width": 850,
      "height": 414
    },
    "rotated": false,
    "capInsets": [
      0,
      0,
      0,
      0
    ],
    "vertices": {
      "rawPosition": [
        -369,
        -173.5,
        0,
        369,
        -173.5,
        0,
        -369,
        173.5,
        0,
        369,
        173.5,
        0
      ],
      "indexes": [
        0,
        1,
        2,
        2,
        1,
        3
      ],
      "uv": [
        56,
        380,
        794,
        380,
        56,
        33,
        794,
        33
      ],
      "nuv": [
        0.06588235294117648,
        0.07971014492753623,
        0.9341176470588235,
        0.07971014492753623,
        0.06588235294117648,
        0.9178743961352657,
        0.9341176470588235,
        0.9178743961352657
      ],
      "minPos": {
        "x": -369,
        "y": -173.5,
        "z": 0
      },
      "maxPos": {
        "x": 369,
        "y": 173.5,
        "z": 0
      }
    },
    "texture": "7265380a-a8a4-4d87-b424-7f32a2de696e@6c48a",
    "packable": true,
    "pixelsToUnit": 100,
    "pivot": {
      "x": 0.5,
      "y": 0.5
    },
    "meshType": 0
  }
}