{
  "__type__": "cc.SpriteFrame",
  "content": {
    "name": "payline_10",
    "atlas": "",
    "rect": {
      "x": 55,
      "y": 177,
      "width": 740,
      "height": 204
    },
    "offset": {
      "x": 0,
      "y": -72
    },
    "originalSize": {
      "width": 850,
      "height": 414
    },
    "rotated": false,
    "capInsets": [
      0,
      0,
      0,
      0
    ],
    "vertices": {
      "rawPosition": [
        -370,
        -102,
        0,
        370,
        -102,
        0,
        -370,
        102,
        0,
        370,
        102,
        0
      ],
      "indexes": [
        0,
        1,
        2,
        2,
        1,
        3
      ],
      "uv": [
        55,
        237,
        795,
        237,
        55,
        33,
        795,
        33
      ],
      "nuv": [
        0.06470588235294118,
        0.07971014492753623,
        0.9352941176470588,
        0.07971014492753623,
        0.06470588235294118,
        0.572463768115942,
        0.9352941176470588,
        0.572463768115942
      ],
      "minPos": {
        "x": -370,
        "y": -102,
        "z": 0
      },
      "maxPos": {
        "x": 370,
        "y": 102,
        "z": 0
      }
    },
    "texture": "24dc417b-fbf0-4b8a-9cfa-dff38d235c97@6c48a",
    "packable": true,
    "pixelsToUnit": 100,
    "pivot": {
      "x": 0.5,
      "y": 0.5
    },
    "meshType": 0
  }
}