{
  "__type__": "cc.SpriteFrame",
  "content": {
    "name": "payline_7",
    "atlas": "",
    "rect": {
      "x": 61,
      "y": 28,
      "width": 729,
      "height": 360
    },
    "offset": {
      "x": 0.5,
      "y": -1
    },
    "originalSize": {
      "width": 850,
      "height": 414
    },
    "rotated": false,
    "capInsets": [
      0,
      0,
      0,
      0
    ],
    "vertices": {
      "rawPosition": [
        -364.5,
        -180,
        0,
        364.5,
        -180,
        0,
        -364.5,
        180,
        0,
        364.5,
        180,
        0
      ],
      "indexes": [
        0,
        1,
        2,
        2,
        1,
        3
      ],
      "uv": [
        61,
        386,
        790,
        386,
        61,
        26,
        790,
        26
      ],
      "nuv": [
        0.07176470588235294,
        0.06280193236714976,
        0.9294117647058824,
        0.06280193236714976,
        0.07176470588235294,
        0.9323671497584541,
        0.9294117647058824,
        0.9323671497584541
      ],
      "minPos": {
        "x": -364.5,
        "y": -180,
        "z": 0
      },
      "maxPos": {
        "x": 364.5,
        "y": 180,
        "z": 0
      }
    },
    "texture": "1cb3ab30-7a68-4be4-9961-9767ea8a3168@6c48a",
    "packable": true,
    "pixelsToUnit": 100,
    "pivot": {
      "x": 0.5,
      "y": 0.5
    },
    "meshType": 0
  }
}