{
  "__type__": "cc.SpriteFrame",
  "content": {
    "name": "payline_9",
    "atlas": "",
    "rect": {
      "x": 56,
      "y": 177,
      "width": 738,
      "height": 211
    },
    "offset": {
      "x": 0,
      "y": -75.5
    },
    "originalSize": {
      "width": 850,
      "height": 414
    },
    "rotated": false,
    "capInsets": [
      0,
      0,
      0,
      0
    ],
    "vertices": {
      "rawPosition": [
        -369,
        -105.5,
        0,
        369,
        -105.5,
        0,
        -369,
        105.5,
        0,
        369,
        105.5,
        0
      ],
      "indexes": [
        0,
        1,
        2,
        2,
        1,
        3
      ],
      "uv": [
        56,
        237,
        794,
        237,
        56,
        26,
        794,
        26
      ],
      "nuv": [
        0.06588235294117648,
        0.06280193236714976,
        0.9341176470588235,
        0.06280193236714976,
        0.06588235294117648,
        0.572463768115942,
        0.9341176470588235,
        0.572463768115942
      ],
      "minPos": {
        "x": -369,
        "y": -105.5,
        "z": 0
      },
      "maxPos": {
        "x": 369,
        "y": 105.5,
        "z": 0
      }
    },
    "texture": "3ebcda04-9ac1-4d2e-81da-50b9b3c84f0e@6c48a",
    "packable": true,
    "pixelsToUnit": 100,
    "pivot": {
      "x": 0.5,
      "y": 0.5
    },
    "meshType": 0
  }
}