{
  "__type__": "cc.SpriteFrame",
  "content": {
    "name": "payline_2",
    "atlas": "",
    "rect": {
      "x": 61,
      "y": 28,
      "width": 729,
      "height": 74
    },
    "offset": {
      "x": 0.5,
      "y": 142
    },
    "originalSize": {
      "width": 850,
      "height": 414
    },
    "rotated": false,
    "capInsets": [
      0,
      0,
      0,
      0
    ],
    "vertices": {
      "rawPosition": [
        -364.5,
        -37,
        0,
        364.5,
        -37,
        0,
        -364.5,
        37,
        0,
        364.5,
        37,
        0
      ],
      "indexes": [
        0,
        1,
        2,
        2,
        1,
        3
      ],
      "uv": [
        61,
        386,
        790,
        386,
        61,
        312,
        790,
        312
      ],
      "nuv": [
        0.07176470588235294,
        0.7536231884057971,
        0.9294117647058824,
        0.7536231884057971,
        0.07176470588235294,
        0.9323671497584541,
        0.9294117647058824,
        0.9323671497584541
      ],
      "minPos": {
        "x": -364.5,
        "y": -37,
        "z": 0
      },
      "maxPos": {
        "x": 364.5,
        "y": 37,
        "z": 0
      }
    },
    "texture": "af9076c9-a2dd-4f82-875f-636624048590@6c48a",
    "packable": true,
    "pixelsToUnit": 100,
    "pivot": {
      "x": 0.5,
      "y": 0.5
    },
    "meshType": 0
  }
}