{
  "__type__": "cc.SpriteFrame",
  "content": {
    "name": "parrot",
    "atlas": "",
    "rect": {
      "x": 87,
      "y": 6,
      "width": 934,
      "height": 971
    },
    "offset": {
      "x": 42,
      "y": 20.5
    },
    "originalSize": {
      "width": 1024,
      "height": 1024
    },
    "rotated": false,
    "capInsets": [
      0,
      0,
      0,
      0
    ],
    "vertices": {
      "rawPosition": [
        -467,
        -485.5,
        0,
        467,
        -485.5,
        0,
        -467,
        485.5,
        0,
        467,
        485.5,
        0
      ],
      "indexes": [
        0,
        1,
        2,
        2,
        1,
        3
      ],
      "uv": [
        87,
        1018,
        1021,
        1018,
        87,
        47,
        1021,
        47
      ],
      "nuv": [
        0.0849609375,
        0.0458984375,
        0.9970703125,
        0.0458984375,
        0.0849609375,
        0.994140625,
        0.9970703125,
        0.994140625
      ],
      "minPos": {
        "x": -467,
        "y": -485.5,
        "z": 0
      },
      "maxPos": {
        "x": 467,
        "y": 485.5,
        "z": 0
      }
    },
    "texture": "ea9cebb7-eaad-4773-8bcb-d1d128aa2d04@6c48a",
    "packable": true,
    "pixelsToUnit": 100,
    "pivot": {
      "x": 0.5,
      "y": 0.5
    },
    "meshType": 0
  }
}