{
  "__type__": "cc.SpriteFrame",
  "content": {
    "name": "wild",
    "atlas": "",
    "rect": {
      "x": 8,
      "y": 19,
      "width": 999,
      "height": 949
    },
    "offset": {
      "x": -4.5,
      "y": 18.5
    },
    "originalSize": {
      "width": 1024,
      "height": 1024
    },
    "rotated": false,
    "capInsets": [
      0,
      0,
      0,
      0
    ],
    "vertices": {
      "rawPosition": [
        -499.5,
        -474.5,
        0,
        499.5,
        -474.5,
        0,
        -499.5,
        474.5,
        0,
        499.5,
        474.5,
        0
      ],
      "indexes": [
        0,
        1,
        2,
        2,
        1,
        3
      ],
      "uv": [
        8,
        1005,
        1007,
        1005,
        8,
        56,
        1007,
        56
      ],
      "nuv": [
        0.0078125,
        0.0546875,
        0.9833984375,
        0.0546875,
        0.0078125,
        0.9814453125,
        0.9833984375,
        0.9814453125
      ],
      "minPos": {
        "x": -499.5,
        "y": -474.5,
        "z": 0
      },
      "maxPos": {
        "x": 499.5,
        "y": 474.5,
        "z": 0
      }
    },
    "texture": "0a5904c6-1f52-44cc-847e-b173ede7fdc4@6c48a",
    "packable": true,
    "pixelsToUnit": 100,
    "pivot": {
      "x": 0.5,
      "y": 0.5
    },
    "meshType": 0
  }
}